Bungou stray dogs,dazai osamu,https://preview.redd.it/my-dazai-osamu-cosplay-v0-gxfy5anob6lb1.jpg?width=1080&crop=smart&auto=webp&s=350986fe599ca3dcd453c5a01c0a60da66709622
Bungou stray dogs,Dazai (portmafia),https://i.redd.it/sharing-my-port-mafia-dazai-osamu-cosplay-v0-k1rfzj8ibhub1.jpg?width=1224&format=pjpg&auto=webp&s=9fba411391f2a6a620b0a5ea65caae27f7676b4d
Bungou stray dogs,Akutagawa (Beast),https://preview.redd.it/sharing-my-akutagawa-ryunosuke-from-bsd-beast-cosplay-v0-9b37vqt40fqb1.jpg?width=640&crop=smart&auto=webp&s=7d7de26c546de7bad40b879390099b1843a06d29
Bungou stray dogs,Akutagawa Ryuunosuke,https://scontent.fbkk29-4.fna.fbcdn.net/v/t39.30808-6/348628059_292756779940728_7039248578798742085_n.jpg?_nc_cat=111&ccb=1-7&_nc_sid=5f2048&_nc_eui2=AeHS9r6ts8-E4K0Dls8scoPhyvkGyZmCh7LK-QbJmYKHsgZqSwCF7nqTO4hl7aCzT-qEP3gLCcKspvGI0vygmV_l&_nc_ohc=y-v3EZY1FLoAb72m44Z&_nc_ht=scontent.fbkk29-4.fna&oh=00_AfD6cih6uQsN1xVwy7XaLpN_dxp3KfJ5iUA0FlNc54JOxA&oe=66295CC9
Bungou stray dogs,Edogawa Ranpo,https://i.redd.it/sharing-my-edogawa-ranpo-cosplay-hope-you-like-it-v0-iapqmzrafl9c1.jpg?width=2730&format=pjpg&auto=webp&s=175754a5af0632292a19972c795099a346aefaeb
Bungou stray dogs,Nakahara Chuuya (15),https://preview.redd.it/sharing-all-of-my-bungou-stray-dogs-cosplay-cosplayer-name-v0-c9hgj4c960jc1.jpg?width=1080&crop=smart&auto=webp&s=75e350f30d536d101e99ace9761f574797f759c3
Bungou stray dogs,Nakajima Atsushi,https://preview.redd.it/sharing-all-of-my-bungou-stray-dogs-cosplay-cosplayer-name-v0-jfvfcmv960jc1.jpg?width=640&crop=smart&auto=webp&s=1ba6fada66d77787909e9ace0a4ebe2a4563a491
Bungou stray dogs,Nakajima Atsushi (Beast),https://i.redd.it/my-nakajima-atsushi-beast-cosplay-v0-rxjqioe2yakb1.jpg?width=3000&format=pjpg&auto=webp&s=fc762ba302dc22022ab0a5c8c1f4b59f628a4b09
Kuroko,Aomine Daiki,https://preview.redd.it/my-aomine-cosplay-v0-yz2n7amq9shc1.jpg?width=1080&crop=smart&auto=webp&s=4f45f620ab3edda62fb181e3f4bb664f7d0cb792
Kuroko,Akashi seijuro,https://preview.redd.it/my-akashi-seijuro-cosplay-from-kuroko-no-basket-v0-jsmowq0cegib1.jpg?width=640&crop=smart&auto=webp&s=4c39cb9c1a05f4bd627a8224c6d4113be5f3499e
Kuroko,Himuro Tatsuya,https://i.redd.it/my-himuro-tatsuya-cosplay-v0-ibcv0eufx5kb1.jpg?width=3072&format=pjpg&auto=webp&s=af0434458d539198a8425e44506993a9a8b0d0b9
Kuroko,Murasakibara Atsushi,https://scontent.fbkk29-7.fna.fbcdn.net/v/t39.30808-6/358136665_299103119306094_3153208652694221659_n.jpg?_nc_cat=106&ccb=1-7&_nc_sid=5f2048&_nc_eui2=AeGD8KN0opXo3DcuGrj86m2Frly59Qjwcp-uXLn1CPByn-uR0jzXR3na47zYXHXks8ebpDijJA7QGvzoYrhREZP0&_nc_ohc=CeQ66bauBIEAb62APy4&_nc_ht=scontent.fbkk29-7.fna&oh=00_AfCvOAMfuzwYc-urcDXiQs3sCT5cuRC1RLWKf0UIqsS3rQ&oe=66294FCB
Attack on titan,armin alert,https://i.redd.it/my-armin-cosplay-v0-55qmvofieshc1.jpg?width=1080&format=pjpg&auto=webp&s=0f09aceba5c42090d490d6aa3229981047a1e73d
Attack on titan,eren jeager,https://preview.redd.it/sharing-my-eren-jeager-cosplay-v0-kva9mwt0gn3c1.jpg?width=1080&crop=smart&auto=webp&s=d9693231fe57b333286cf33628ce09864d88d151
Blue lock,oliver aiku,https://i.redd.it/my-oliver-aiku-cosplay-v0-hpamk74ubshc1.jpg?width=1080&format=pjpg&auto=webp&s=0bb77387c66e2ffe67e8afd81902d73f9cd82a0a
Blue lock,Nagi seishiro,https://preview.redd.it/my-nagi-seishiro-cosplay-v0-19tdcmi0b6lb1.jpg?width=1080&crop=smart&auto=webp&s=0f1518474154aab65e5586cd3329ededadcbc006
Blue lock,Itoshi rin,https://scontent.fbkk29-6.fna.fbcdn.net/v/t39.30808-6/347414919_284350657448007_8595709786526982426_n.jpg?_nc_cat=109&ccb=1-7&_nc_sid=5f2048&_nc_eui2=AeHo9LItynO7NF2A0TtsZ420-hIT57fY_5H6EhPnt9j_kRSDActS1taLGWwz3RILrsogdAelszoJzHL9azsrs210&_nc_ohc=LdHLBiMQ1MQAb40hbIx&_nc_ht=scontent.fbkk29-6.fna&oh=00_AfAyPfZT_PSWhWOnzjRkLV0xrHyjLG0RQCcHRhyW2vryiw&oe=66296BFE
Blue lock,bachira meguru,https://preview.redd.it/sharing-my-bachira-cosplay-v0-2923zyyq7i6c1.jpeg?width=1080&crop=smart&auto=webp&s=9299477ac51a3e7b686ba49dd4649d7f35431d92
Blue lock,Itoshi Sae,https://scontent.fbkk29-9.fna.fbcdn.net/v/t39.30808-6/437056246_445538524662552_6854532654746010354_n.jpg?_nc_cat=104&ccb=1-7&_nc_sid=5f2048&_nc_eui2=AeHBALApEKXZ9W1XKPuybfHAP9F151um4NI_0XXnW6bg0rgpYGlBGyx8_Fuo40nAWeokI8dHiKIaUu0NtTfGhmcW&_nc_ohc=p_nv3_hyxjkAb7mvp9S&_nc_ht=scontent.fbkk29-9.fna&oh=00_AfCNO2u1cPXdVCWpXfz3Gm-aQ8SDf1pI78BS9VbfieufJw&oe=66295331
Black butler,undertaker,https://preview.redd.it/sharing-my-undertaker-cosplay-v0-cytv28nwcw4c1.jpg?width=640&crop=smart&auto=webp&s=1380e5f9ebd9827e7f873ec5d602cabe1c2becc4
Black butler,sebastian michaelis,https://scontent.fbkk29-8.fna.fbcdn.net/v/t39.30808-6/396823895_347654304450975_1538279989074903306_n.jpg?_nc_cat=105&ccb=1-7&_nc_sid=5f2048&_nc_eui2=AeEjo9pShIDC_zqiigkeKEmmSgOrUx0Gw4FKA6tTHQbDgSNiqQni4M5xEFnxWJ5kT4ZuLuqUJJ5ngTN7DgI9xGnl&_nc_ohc=FgiDgekVE1oAb7iuPH2&_nc_ht=scontent.fbkk29-8.fna&oh=00_AfByI8evUyeYJOPEW9yezRCfgG9HCBa5SJLHnfq_RAbQ2A&oe=66293FB9
Mashle magic and muscle,mashle burnedead,https://preview.redd.it/my-mashle-cosplay-v0-2jwilq1erjhc1.jpg?width=640&crop=smart&auto=webp&s=6e0aa79f024be2f02a6cae31d031c49a40a18025
Mashle magic and muscle,Abel walker,https://scontent.fbkk29-4.fna.fbcdn.net/v/t39.30808-6/432657645_427347053148366_7496051511941376485_n.jpg?_nc_cat=111&ccb=1-7&_nc_sid=5f2048&_nc_eui2=AeFFrr_Q0AzI8dLpNbmfH13o2AUKNNIiFqDYBQo00iIWoBV4rYpuMy_ni413ifgXxWbuol-bgEFEObHxfjr3ihJf&_nc_ohc=ghHBh6jp_QYAb5o8Cmw&_nc_ht=scontent.fbkk29-4.fna&oh=00_AfDoQ7DiAExoZtMLp9kCV6wtS3UW6sOnF_LLOsD04-TnIg&oe=662966FD
Mashle magic and muscle,Ortor madl,https://scontent.fbkk29-6.fna.fbcdn.net/v/t39.30808-6/428651306_416139194269152_8321533602537709703_n.jpg?_nc_cat=103&ccb=1-7&_nc_sid=5f2048&_nc_eui2=AeEGf9gkmG_aIQHWD96JyOoy5_TMkZ12hCDn9MyRnXaEIPo7WuYdjUu3_8ndvnirIOTYK3psm9c6208qqAxwJLdu&_nc_ohc=FUpuMzjI9kkAb5ETjSj&_nc_ht=scontent.fbkk29-6.fna&oh=00_AfBkFJNupt2EJXwh8U9xP4fU9jrXZrwmqmoUNMVYXrqkDw&oe=66296AE9
My hero academia,todoroki shoto,https://scontent.fbkk29-6.fna.fbcdn.net/v/t39.30808-6/329124506_5884530571635212_1631635555050123872_n.jpg?_nc_cat=103&ccb=1-7&_nc_sid=5f2048&_nc_eui2=AeH_eRUyY4l-nHSIMTYE9cl5HEteL89aIdwcS14vz1oh3Ckc7y1vvhPn62TWJx82cool_7AbFVYWc3HXoLy5j7Zw&_nc_ohc=KAy_KXSocokAb47_YqO&_nc_ht=scontent.fbkk29-6.fna&oh=00_AfCOpNnjkuqpmvh-IwUgdqpRFqClPEyhkDfhNzAgDYFD1A&oe=66295924
My hero academia,todoroki shoto,https://scontent.fbkk29-7.fna.fbcdn.net/v/t39.30808-6/329139156_526614455981850_3898467410242765143_n.jpg?stp=dst-jpg_p600x600&_nc_cat=108&ccb=1-7&_nc_sid=5f2048&_nc_eui2=AeF3TGrmd3m8Z1NB6kqpPJ3C5JCybalMZ43kkLJtqUxnjTjvOIl61_NjYUpwoa51ifJ8qqHxwgxmZ7VnJgyeehy8&_nc_ohc=6T0RrqoIEXQAb7rPsfC&_nc_ht=scontent.fbkk29-7.fna&oh=00_AfCvuC_ypWctWRNzp7HnfFrzjCiWwqTH6JhD4er6SsoWYg&oe=66297919
My hero academia,todoroki shoto,https://scontent.fbkk29-7.fna.fbcdn.net/v/t39.30808-6/329091047_703415328022482_2481029579733117618_n.jpg?_nc_cat=108&ccb=1-7&_nc_sid=5f2048&_nc_eui2=AeE8T6wB0WoBfEDI1SiKNO7ZAZvG_zop970Bm8b_Oin3vbXfF6F5d938tTwTX4LCFXUeHLld5AiX75gR_erEAcuR&_nc_ohc=3UtkymblZTQAb6ZtysV&_nc_ht=scontent.fbkk29-7.fna&oh=00_AfCXfs7X7d3Vn_hV_8WzfCxa_k5RmH2LVnowjhEFaAh3wQ&oe=66294DE8
Mashle magic and muscle,Abyss razor,https://scontent.fbkk29-7.fna.fbcdn.net/v/t39.30808-6/434063335_432025716013833_175747789584177435_n.jpg?_nc_cat=108&ccb=1-7&_nc_sid=5f2048&_nc_eui2=AeEFMCD4q36q1iGhh7uDjscfDP4BW8XoKBsM_gFbxegoGyoCAOtOnRfCJRbww67B2nPEklA9uZVwBGFZAGC8yS3Z&_nc_ohc=7PJy8DRU6rgAb72ZFAd&_nc_ht=scontent.fbkk29-7.fna&oh=00_AfAMtNAx562ZdgC4D7UgC5FMgO1xk004-QbANYaLf-hbJQ&oe=66295868
Cardfight vanguard,kai toshiki,https://preview.redd.it/sharing-my-reverese-kai-toshiki-cosplay-v0-kza0xcegdshc1.jpg?width=1080&crop=smart&auto=webp&s=7907992f8d62b0e4d13af195442912f4d92d43a3
One piece,sanji vinsmoke,https://preview.redd.it/sharing-my-sanji-cosplay-v0-6fl0qgqeof4c1.jpg?width=640&crop=smart&auto=webp&s=03b49c8d66b40e8ebb255f5de3ac7539383aa5a5
Ouran host club,Hikaru hitachiin,https://i.redd.it/hikaru-hitachiin-cosplay-v0-jn2h43ivashc1.jpg?width=3456&format=pjpg&auto=webp&s=21191585ad32ca5c04ad57abbb0b4db3e5dcaf3d
Chainsaw man,reze,https://preview.redd.it/my-reze-cosplay-v0-k6icps6efshc1.jpg?width=640&crop=smart&auto=webp&s=2386ddb2404fdeceb120e92ddf790c0da3503b06
Katekyo hitman reborn!,Rokudo Mukuro,https://scontent.fbkk29-4.fna.fbcdn.net/v/t39.30808-6/412949898_377834161432989_7195560503861024851_n.jpg?_nc_cat=110&ccb=1-7&_nc_sid=5f2048&_nc_eui2=AeHHBP4H1jg4Db2aq36NTvv69cBanwEp7lX1wFqfASnuVWoYsJ_NbHSTaDcbrQRvsU_eDXsnsq4Wep5TF73QxC1g&_nc_ohc=mEbfstw36O4Ab5jWiNQ&_nc_ht=scontent.fbkk29-4.fna&oh=00_AfCDKUdKBgKPYdxlejmASdN-lHCIKusaBzcQSP-6FhlyQg&oe=66294209
Katekyo hitman reborn!,xanxus,https://preview.redd.it/sharing-my-xanxus-cosplay-v0-qd48quqrfn3c1.jpg?width=1080&crop=smart&auto=webp&s=39199ebbc7fa6c7c28ea855d293839e6c61b4f91
Katekyo hitman reborn!,byakuran,https://preview.redd.it/sharing-my-byakuran-cosplay-v0-0uy13p75pf4c1.jpg?width=640&crop=smart&auto=webp&s=06a7bc12276e7a48c64a289f3d2a2521187bdc83
Jujutsu kaisen,geto suguru,https://i.redd.it/sharing-my-geto-suguru-cosplay-v0-029r0gxdnf4c1.jpg?width=2731&format=pjpg&auto=webp&s=b67b5489ee7140f80877163543d0e3a91e6a3449
Jujutsu kaisen,Kashimo hajime,https://i.redd.it/my-kashimo-hajime-cosplay-v0-7hg94aqpcshc1.jpg?width=1080&format=pjpg&auto=webp&s=42a3caa116cdbbd1351a8dc4f73e804fd57ce48a
Genshin impact,childe,https://scontent.fbkk29-1.fna.fbcdn.net/v/t39.30808-6/436752846_443889548160783_3025241861497609229_n.jpg?_nc_cat=101&ccb=1-7&_nc_sid=5f2048&_nc_eui2=AeFP8wh0nPbiMTYFhc7MA-IySUWf-5JU0uJJRZ_7klTS4s-yMuhXnh4tH3X4i0G6RDvit1mJC6Uujeyw6QB9LqDq&_nc_ohc=fuW15zsEAyMAb6NMS4Z&_nc_ht=scontent.fbkk29-1.fna&oh=00_AfDz6qrQba6wBOZ8jelBM2U2Oo3T84UwMPFwYVWq3Cen0A&oe=662941A1
Genshin impact,childe,https://scontent.fbkk29-1.fna.fbcdn.net/v/t39.30808-6/437044520_443889628160775_3821440789618320365_n.jpg?_nc_cat=100&ccb=1-7&_nc_sid=5f2048&_nc_eui2=AeFcenn_6HufDfL8PSbIaRZq-zGjRh0WXi37MaNGHRZeLTlNFUbKZSSZQweoBP81KDgjUZ_YUKIiW4XMnLFt8uVs&_nc_ohc=iUc25B_2G3wAb5al8Zl&_nc_ht=scontent.fbkk29-1.fna&oh=00_AfB7hO6J_nxbvhlH21_MsLSlr1BEbS5UEVwJrQiexQ23Nw&oe=662972E3
Genshin impact,childe,https://scontent.fbkk29-6.fna.fbcdn.net/v/t39.30808-6/436934951_443889684827436_3908040976934878877_n.jpg?_nc_cat=103&ccb=1-7&_nc_sid=5f2048&_nc_eui2=AeGAswmQlQDX1IOkjVFfeqyRUtMNEX82kR9S0w0RfzaRH7p4Qs_f6mQ0tYhqTR-KD_JjKsqkPjRmmgBmS8rFNVKv&_nc_ohc=i_vOWKzQte8Ab4xKXPO&_nc_ht=scontent.fbkk29-6.fna&oh=00_AfAA1AjgLNppSmE8i825RLoMCZNgY_aRj-eHtU6HqFGA1w&oe=662955ED
